[{"pk": 1, "model": "auth.message", "fields": {"message": "Successfully created post 't'", "user": 1}}, {"pk": 2, "model": "auth.message", "fields": {"message": "Successfully created post 'asdfasdf'", "user": 1}}, {"pk": 3, "model": "auth.message", "fields": {"message": "Successfully change status for post 'asdfasdf'", "user": 1}}, {"pk": 4, "model": "auth.message", "fields": {"message": "Successfully created post 'asdf'", "user": 1}}, {"pk": 5, "model": "auth.message", "fields": {"message": "Successfully created post 'asdfsa'", "user": 1}}, {"pk": 6, "model": "auth.message", "fields": {"message": "Successfully updated post 'asdfasdfddddd'", "user": 1}}, {"pk": 7, "model": "auth.message", "fields": {"message": "Successfully created post 'another'", "user": 1}}, {"pk": 8, "model": "auth.message", "fields": {"message": "Successfully created post 'sadfasdf'", "user": 1}}, {"pk": 9, "model": "auth.message", "fields": {"message": "Successfully created post 'u's post'", "user": 3}}, {"pk": 10, "model": "auth.message", "fields": {"message": "Successfully updated post 'u's post'", "user": 3}}, {"pk": 11, "model": "auth.message", "fields": {"message": "Successfully created post 'sadfkjsadf'", "user": 3}}, {"pk": 12, "model": "auth.message", "fields": {"message": "Successfully created post 'aaa'", "user": 3}}, {"pk": 13, "model": "auth.message", "fields": {"message": "Successfully created post 'sadf'", "user": 1}}, {"pk": 14, "model": "auth.message", "fields": {"message": "Successfully change status for post 't'", "user": 1}}, {"pk": 25, "model": "contenttypes.contenttype", "fields": {"model": "blog", "name": "Blog", "app_label": "blog"}}, {"pk": 26, "model": "contenttypes.contenttype", "fields": {"model": "post", "name": "Post", "app_label": "blog"}}, {"pk": 20, "model": "contenttypes.contenttype", "fields": {"model": "account", "name": "account", "app_label": "account"}}, {"pk": 19, "model": "contenttypes.contenttype", "fields": {"model": "announcement", "name": "announcement", "app_label": "announcements"}}, {"pk": 28, "model": "contenttypes.contenttype", "fields": {"model": "association", "name": "association", "app_label": "django_openid"}}, {"pk": 6, "model": "contenttypes.contenttype", "fields": {"model": "contenttype", "name": "content type", "app_label": "contenttypes"}}, {"pk": 15, "model": "contenttypes.contenttype", "fields": {"model": "dontsendentry", "name": "don't send entry", "app_label": "mailer"}}, {"pk": 17, "model": "contenttypes.contenttype", "fields": {"model": "emailaddress", "name": "email address", "app_label": "emailconfirmation"}}, {"pk": 18, "model": "contenttypes.contenttype", "fields": {"model": "emailconfirmation", "name": "email confirmation", "app_label": "emailconfirmation"}}, {"pk": 3, "model": "contenttypes.contenttype", "fields": {"model": "group", "name": "group", "app_label": "auth"}}, {"pk": 1, "model": "contenttypes.contenttype", "fields": {"model": "logentry", "name": "log entry", "app_label": "admin"}}, {"pk": 5, "model": "contenttypes.contenttype", "fields": {"model": "message", "name": "message", "app_label": "auth"}}, {"pk": 14, "model": "contenttypes.contenttype", "fields": {"model": "message", "name": "message", "app_label": "mailer"}}, {"pk": 16, "model": "contenttypes.contenttype", "fields": {"model": "messagelog", "name": "message log", "app_label": "mailer"}}, {"pk": 27, "model": "contenttypes.contenttype", "fields": {"model": "nonce", "name": "nonce", "app_label": "django_openid"}}, {"pk": 11, "model": "contenttypes.contenttype", "fields": {"model": "notice", "name": "notice", "app_label": "notification"}}, {"pk": 12, "model": "contenttypes.contenttype", "fields": {"model": "noticequeuebatch", "name": "notice queue batch", "app_label": "notification"}}, {"pk": 10, "model": "contenttypes.contenttype", "fields": {"model": "noticesetting", "name": "notice setting", "app_label": "notification"}}, {"pk": 9, "model": "contenttypes.contenttype", "fields": {"model": "noticetype", "name": "notice type", "app_label": "notification"}}, {"pk": 13, "model": "contenttypes.contenttype", "fields": {"model": "observeditem", "name": "observed item", "app_label": "notification"}}, {"pk": 21, "model": "contenttypes.contenttype", "fields": {"model": "passwordreset", "name": "password reset", "app_label": "account"}}, {"pk": 2, "model": "contenttypes.contenttype", "fields": {"model": "permission", "name": "permission", "app_label": "auth"}}, {"pk": 24, "model": "contenttypes.contenttype", "fields": {"model": "profile", "name": "profile", "app_label": "profiles"}}, {"pk": 7, "model": "contenttypes.contenttype", "fields": {"model": "session", "name": "session", "app_label": "sessions"}}, {"pk": 22, "model": "contenttypes.contenttype", "fields": {"model": "signupcode", "name": "signup code", "app_label": "signup_codes"}}, {"pk": 23, "model": "contenttypes.contenttype", "fields": {"model": "signupcoderesult", "name": "signup code result", "app_label": "signup_codes"}}, {"pk": 8, "model": "contenttypes.contenttype", "fields": {"model": "site", "name": "site", "app_label": "sites"}}, {"pk": 4, "model": "contenttypes.contenttype", "fields": {"model": "user", "name": "user", "app_label": "auth"}}, {"pk": 29, "model": "contenttypes.contenttype", "fields": {"model": "useropenidassociation", "name": "user openid association", "app_label": "django_openid"}}, {"pk": "65ad72a0c9ffec125fcfefe0eb758a66", "model": "sessions.session", "fields": {"expire_date": "2012-08-18 09:15:44", "session_data": "NjFiYWIzMjQ0ZmNmNTcyM2Y4NzU0YWI0Mjc0NjQyYTkyZDBmY2NjODqAAn1xAShVH2lkaW9zX2Fk\nZGl0aW9uYWxfaW5mb19raWNrc3RhcnRxAohVEl9hdXRoX3VzZXJfYmFja2VuZHEDVTZwaW5heC5h\ncHBzLmFjY291bnQuYXV0aF9iYWNrZW5kcy5BdXRoZW50aWNhdGlvbkJhY2tlbmRxBFUNX2F1dGhf\ndXNlcl9pZHEFSwNVD19zZXNzaW9uX2V4cGlyeXEGSwB1Lg==\n"}}, {"pk": "4ba3c970d6180cb0e98cd7219cf2b4f8", "model": "sessions.session", "fields": {"expire_date": "2012-08-19 12:32:40", "session_data": "MTEzMDRjY2M1ZDExNGU0YTBlNmNmMGNlMmMxYjQ3YmRiZGQ5OGM1NjqAAn1xAShVH2lkaW9zX2Fk\nZGl0aW9uYWxfaW5mb19raWNrc3RhcnRxAohVEl9hdXRoX3VzZXJfYmFja2VuZHEDVTZwaW5heC5h\ncHBzLmFjY291bnQuYXV0aF9iYWNrZW5kcy5BdXRoZW50aWNhdGlvbkJhY2tlbmRxBFUNX2F1dGhf\ndXNlcl9pZHEFSwFVD19zZXNzaW9uX2V4cGlyeXEGSwB1Lg==\n"}}, {"pk": "3d11202fa2505d66496260dad035e46d", "model": "sessions.session", "fields": {"expire_date": "2012-08-19 12:26:30", "session_data": "MTEzMDRjY2M1ZDExNGU0YTBlNmNmMGNlMmMxYjQ3YmRiZGQ5OGM1NjqAAn1xAShVH2lkaW9zX2Fk\nZGl0aW9uYWxfaW5mb19raWNrc3RhcnRxAohVEl9hdXRoX3VzZXJfYmFja2VuZHEDVTZwaW5heC5h\ncHBzLmFjY291bnQuYXV0aF9iYWNrZW5kcy5BdXRoZW50aWNhdGlvbkJhY2tlbmRxBFUNX2F1dGhf\ndXNlcl9pZHEFSwFVD19zZXNzaW9uX2V4cGlyeXEGSwB1Lg==\n"}}, {"pk": 1, "model": "sites.site", "fields": {"domain": "127.0.0.1:8000", "name": "127.0.0.1:8000"}}, {"pk": 1, "model": "notification.noticetype", "fields": {"default": 2, "description": "you have received an announcement", "display": "Announcement", "label": "announcement"}}, {"pk": 2, "model": "notification.noticetype", "fields": {"default": 2, "description": "a friend of yours posted to their blog", "display": "Friend Posted to Blog", "label": "blog_friend_post"}}, {"pk": 3, "model": "notification.noticetype", "fields": {"default": 2, "description": "a comment was made on one of your blog posts", "display": "New Comment on Blog Post", "label": "blog_post_comment"}}, {"pk": 1, "model": "emailconfirmation.emailaddress", "fields": {"verified": true, "user": 1, "primary": true, "email": "s@s.com"}}, {"pk": 2, "model": "emailconfirmation.emailaddress", "fields": {"verified": false, "user": 2, "primary": false, "email": "o@o.com"}}, {"pk": 3, "model": "emailconfirmation.emailaddress", "fields": {"verified": true, "user": 3, "primary": true, "email": "u@u.com"}}, {"pk": 1, "model": "emailconfirmation.emailconfirmation", "fields": {"email_address": 2, "sent": "2012-08-04 08:51:50", "confirmation_key": "6c8056db717c95232fd41b4e66ebc45677bec420"}}, {"pk": 2, "model": "emailconfirmation.emailconfirmation", "fields": {"email_address": 3, "sent": "2012-08-04 08:53:14", "confirmation_key": "7d201cce5999b6688e5a708308361611cdc5aa80"}}, {"pk": 1, "model": "account.account", "fields": {"timezone": "US/Eastern", "user": 1, "language": "en-us"}}, {"pk": 2, "model": "account.account", "fields": {"timezone": "US/Eastern", "user": 2, "language": "en-us"}}, {"pk": 3, "model": "account.account", "fields": {"timezone": "US/Eastern", "user": 3, "language": "en-us"}}, {"pk": 1, "model": "profiles.profile", "fields": {"website": "", "about": "Bullets are not my favorite.", "location": "Rome, Italy", "user": 1, "name": "Simon Boss"}}, {"pk": 2, "model": "profiles.profile", "fields": {"website": null, "about": null, "location": null, "user": 2, "name": null}}, {"pk": 3, "model": "profiles.profile", "fields": {"website": "", "about": "u", "location": "uuuu", "user": 3, "name": "u"}}, {"pk": 1, "model": "blog.post", "fields": {"body": "t", "status": 2, "creator_ip": "127.0.0.1", "author": 1, "created_at": "2012-08-04 08:01:35", "tease": "", "updated_at": "2012-08-05 04:16:02", "publish": "2012-08-04 08:01:35", "last_comment_datetime": "2012-08-04 08:01:35", "blog": null, "title": "t", "slug": "1-t"}}, {"pk": 10, "model": "blog.post", "fields": {"body": "asgdsdg", "status": 1, "creator_ip": "127.0.0.1", "author": 1, "created_at": "2012-08-05 04:12:08", "tease": "", "updated_at": "2012-08-05 04:12:08", "publish": "2012-08-05 04:12:08", "last_comment_datetime": "2012-08-05 04:12:08", "blog": null, "title": "sadf", "slug": "10-sadf"}}, {"pk": 9, "model": "blog.post", "fields": {"body": "aaa", "status": 2, "creator_ip": "127.0.0.1", "author": 3, "created_at": "2012-08-04 09:44:51", "tease": "", "updated_at": "2012-08-04 09:44:51", "publish": "2012-08-04 09:44:51", "last_comment_datetime": "2012-08-04 09:44:51", "blog": null, "title": "aaa", "slug": "9-aaa"}}, {"pk": 8, "model": "blog.post", "fields": {"body": "ds,klasd;\r\ndsal;kjf;alsdf\r\naskldgj;alsdg\r\naslkdjgdsgg", "status": 2, "creator_ip": "127.0.0.1", "author": 3, "created_at": "2012-08-04 09:36:47", "tease": "", "updated_at": "2012-08-04 09:36:47", "publish": "2012-08-04 09:36:47", "last_comment_datetime": "2012-08-04 09:36:47", "blog": null, "title": "sadfkjsadf", "slug": "8-sadfkjsadf"}}, {"pk": 7, "model": "blog.post", "fields": {"body": "u's post content here", "status": 2, "creator_ip": "127.0.0.1", "author": 3, "created_at": "2012-08-04 08:53:46", "tease": "", "updated_at": "2012-08-04 08:55:51", "publish": "2012-08-04 08:53:46", "last_comment_datetime": "2012-08-04 08:53:46", "blog": null, "title": "u's post", "slug": "7-us-post"}}, {"pk": 6, "model": "blog.post", "fields": {"body": "adsfasdf", "status": 2, "creator_ip": "127.0.0.1", "author": 1, "created_at": "2012-08-04 08:43:34", "tease": "", "updated_at": "2012-08-04 08:43:34", "publish": "2012-08-04 08:43:34", "last_comment_datetime": "2012-08-04 08:43:34", "blog": null, "title": "sadfasdf", "slug": "6-sadfasdf"}}, {"pk": 5, "model": "blog.post", "fields": {"body": "oneasdf", "status": 1, "creator_ip": "127.0.0.1", "author": 1, "created_at": "2012-08-04 08:38:35", "tease": "", "updated_at": "2012-08-04 08:38:35", "publish": "2012-08-04 08:38:35", "last_comment_datetime": "2012-08-04 08:38:35", "blog": null, "title": "another", "slug": "5-another"}}, {"pk": 2, "model": "blog.post", "fields": {"body": "asdfsadfasdfas", "status": 2, "creator_ip": "127.0.0.1", "author": 1, "created_at": "2012-08-04 08:02:38", "tease": "", "updated_at": "2012-08-04 08:38:27", "publish": "2012-08-04 08:02:38", "last_comment_datetime": "2012-08-04 08:02:38", "blog": null, "title": "asdfasdfddddd", "slug": "2-asdfasdf"}}, {"pk": 4, "model": "blog.post", "fields": {"body": "asdfasdf", "status": 1, "creator_ip": "127.0.0.1", "author": 1, "created_at": "2012-08-04 08:37:43", "tease": "", "updated_at": "2012-08-04 08:37:43", "publish": "2012-08-04 08:37:43", "last_comment_datetime": "2012-08-04 08:37:43", "blog": null, "title": "asdfsa", "slug": "4-asdfsa"}}, {"pk": 3, "model": "blog.post", "fields": {"body": "asdf", "status": 1, "creator_ip": "127.0.0.1", "author": 1, "created_at": "2012-08-04 08:37:07", "tease": "", "updated_at": "2012-08-04 08:37:07", "publish": "2012-08-04 08:37:07", "last_comment_datetime": "2012-08-04 08:37:07", "blog": null, "title": "asdf", "slug": "3-asdf"}}, {"pk": 58, "model": "auth.permission", "fields": {"codename": "add_account", "name": "Can add account", "content_type": 20}}, {"pk": 59, "model": "auth.permission", "fields": {"codename": "change_account", "name": "Can change account", "content_type": 20}}, {"pk": 60, "model": "auth.permission", "fields": {"codename": "delete_account", "name": "Can delete account", "content_type": 20}}, {"pk": 61, "model": "auth.permission", "fields": {"codename": "add_passwordreset", "name": "Can add password reset", "content_type": 21}}, {"pk": 62, "model": "auth.permission", "fields": {"codename": "change_passwordreset", "name": "Can change password reset", "content_type": 21}}, {"pk": 63, "model": "auth.permission", "fields": {"codename": "delete_passwordreset", "name": "Can delete password reset", "content_type": 21}}, {"pk": 1, "model": "auth.permission", "fields": {"codename": "add_logentry", "name": "Can add log entry", "content_type": 1}}, {"pk": 2, "model": "auth.permission", "fields": {"codename": "change_logentry", "name": "Can change log entry", "content_type": 1}}, {"pk": 3, "model": "auth.permission", "fields": {"codename": "delete_logentry", "name": "Can delete log entry", "content_type": 1}}, {"pk": 55, "model": "auth.permission", "fields": {"codename": "add_announcement", "name": "Can add announcement", "content_type": 19}}, {"pk": 56, "model": "auth.permission", "fields": {"codename": "change_announcement", "name": "Can change announcement", "content_type": 19}}, {"pk": 57, "model": "auth.permission", "fields": {"codename": "delete_announcement", "name": "Can delete announcement", "content_type": 19}}, {"pk": 7, "model": "auth.permission", "fields": {"codename": "add_group", "name": "Can add group", "content_type": 3}}, {"pk": 8, "model": "auth.permission", "fields": {"codename": "change_group", "name": "Can change group", "content_type": 3}}, {"pk": 9, "model": "auth.permission", "fields": {"codename": "delete_group", "name": "Can delete group", "content_type": 3}}, {"pk": 13, "model": "auth.permission", "fields": {"codename": "add_message", "name": "Can add message", "content_type": 5}}, {"pk": 14, "model": "auth.permission", "fields": {"codename": "change_message", "name": "Can change message", "content_type": 5}}, {"pk": 15, "model": "auth.permission", "fields": {"codename": "delete_message", "name": "Can delete message", "content_type": 5}}, {"pk": 4, "model": "auth.permission", "fields": {"codename": "add_permission", "name": "Can add permission", "content_type": 2}}, {"pk": 5, "model": "auth.permission", "fields": {"codename": "change_permission", "name": "Can change permission", "content_type": 2}}, {"pk": 6, "model": "auth.permission", "fields": {"codename": "delete_permission", "name": "Can delete permission", "content_type": 2}}, {"pk": 10, "model": "auth.permission", "fields": {"codename": "add_user", "name": "Can add user", "content_type": 4}}, {"pk": 11, "model": "auth.permission", "fields": {"codename": "change_user", "name": "Can change user", "content_type": 4}}, {"pk": 12, "model": "auth.permission", "fields": {"codename": "delete_user", "name": "Can delete user", "content_type": 4}}, {"pk": 73, "model": "auth.permission", "fields": {"codename": "add_blog", "name": "Can add Blog", "content_type": 25}}, {"pk": 74, "model": "auth.permission", "fields": {"codename": "change_blog", "name": "Can change Blog", "content_type": 25}}, {"pk": 75, "model": "auth.permission", "fields": {"codename": "delete_blog", "name": "Can delete Blog", "content_type": 25}}, {"pk": 76, "model": "auth.permission", "fields": {"codename": "add_post", "name": "Can add Post", "content_type": 26}}, {"pk": 77, "model": "auth.permission", "fields": {"codename": "change_post", "name": "Can change Post", "content_type": 26}}, {"pk": 78, "model": "auth.permission", "fields": {"codename": "delete_post", "name": "Can delete Post", "content_type": 26}}, {"pk": 16, "model": "auth.permission", "fields": {"codename": "add_contenttype", "name": "Can add content type", "content_type": 6}}, {"pk": 17, "model": "auth.permission", "fields": {"codename": "change_contenttype", "name": "Can change content type", "content_type": 6}}, {"pk": 18, "model": "auth.permission", "fields": {"codename": "delete_contenttype", "name": "Can delete content type", "content_type": 6}}, {"pk": 82, "model": "auth.permission", "fields": {"codename": "add_association", "name": "Can add association", "content_type": 28}}, {"pk": 83, "model": "auth.permission", "fields": {"codename": "change_association", "name": "Can change association", "content_type": 28}}, {"pk": 84, "model": "auth.permission", "fields": {"codename": "delete_association", "name": "Can delete association", "content_type": 28}}, {"pk": 79, "model": "auth.permission", "fields": {"codename": "add_nonce", "name": "Can add nonce", "content_type": 27}}, {"pk": 80, "model": "auth.permission", "fields": {"codename": "change_nonce", "name": "Can change nonce", "content_type": 27}}, {"pk": 81, "model": "auth.permission", "fields": {"codename": "delete_nonce", "name": "Can delete nonce", "content_type": 27}}, {"pk": 85, "model": "auth.permission", "fields": {"codename": "add_useropenidassociation", "name": "Can add user openid association", "content_type": 29}}, {"pk": 86, "model": "auth.permission", "fields": {"codename": "change_useropenidassociation", "name": "Can change user openid association", "content_type": 29}}, {"pk": 87, "model": "auth.permission", "fields": {"codename": "delete_useropenidassociation", "name": "Can delete user openid association", "content_type": 29}}, {"pk": 49, "model": "auth.permission", "fields": {"codename": "add_emailaddress", "name": "Can add email address", "content_type": 17}}, {"pk": 50, "model": "auth.permission", "fields": {"codename": "change_emailaddress", "name": "Can change email address", "content_type": 17}}, {"pk": 51, "model": "auth.permission", "fields": {"codename": "delete_emailaddress", "name": "Can delete email address", "content_type": 17}}, {"pk": 52, "model": "auth.permission", "fields": {"codename": "add_emailconfirmation", "name": "Can add email confirmation", "content_type": 18}}, {"pk": 53, "model": "auth.permission", "fields": {"codename": "change_emailconfirmation", "name": "Can change email confirmation", "content_type": 18}}, {"pk": 54, "model": "auth.permission", "fields": {"codename": "delete_emailconfirmation", "name": "Can delete email confirmation", "content_type": 18}}, {"pk": 43, "model": "auth.permission", "fields": {"codename": "add_dontsendentry", "name": "Can add don't send entry", "content_type": 15}}, {"pk": 44, "model": "auth.permission", "fields": {"codename": "change_dontsendentry", "name": "Can change don't send entry", "content_type": 15}}, {"pk": 45, "model": "auth.permission", "fields": {"codename": "delete_dontsendentry", "name": "Can delete don't send entry", "content_type": 15}}, {"pk": 40, "model": "auth.permission", "fields": {"codename": "add_message", "name": "Can add message", "content_type": 14}}, {"pk": 41, "model": "auth.permission", "fields": {"codename": "change_message", "name": "Can change message", "content_type": 14}}, {"pk": 42, "model": "auth.permission", "fields": {"codename": "delete_message", "name": "Can delete message", "content_type": 14}}, {"pk": 46, "model": "auth.permission", "fields": {"codename": "add_messagelog", "name": "Can add message log", "content_type": 16}}, {"pk": 47, "model": "auth.permission", "fields": {"codename": "change_messagelog", "name": "Can change message log", "content_type": 16}}, {"pk": 48, "model": "auth.permission", "fields": {"codename": "delete_messagelog", "name": "Can delete message log", "content_type": 16}}, {"pk": 31, "model": "auth.permission", "fields": {"codename": "add_notice", "name": "Can add notice", "content_type": 11}}, {"pk": 32, "model": "auth.permission", "fields": {"codename": "change_notice", "name": "Can change notice", "content_type": 11}}, {"pk": 33, "model": "auth.permission", "fields": {"codename": "delete_notice", "name": "Can delete notice", "content_type": 11}}, {"pk": 34, "model": "auth.permission", "fields": {"codename": "add_noticequeuebatch", "name": "Can add notice queue batch", "content_type": 12}}, {"pk": 35, "model": "auth.permission", "fields": {"codename": "change_noticequeuebatch", "name": "Can change notice queue batch", "content_type": 12}}, {"pk": 36, "model": "auth.permission", "fields": {"codename": "delete_noticequeuebatch", "name": "Can delete notice queue batch", "content_type": 12}}, {"pk": 28, "model": "auth.permission", "fields": {"codename": "add_noticesetting", "name": "Can add notice setting", "content_type": 10}}, {"pk": 29, "model": "auth.permission", "fields": {"codename": "change_noticesetting", "name": "Can change notice setting", "content_type": 10}}, {"pk": 30, "model": "auth.permission", "fields": {"codename": "delete_noticesetting", "name": "Can delete notice setting", "content_type": 10}}, {"pk": 25, "model": "auth.permission", "fields": {"codename": "add_noticetype", "name": "Can add notice type", "content_type": 9}}, {"pk": 26, "model": "auth.permission", "fields": {"codename": "change_noticetype", "name": "Can change notice type", "content_type": 9}}, {"pk": 27, "model": "auth.permission", "fields": {"codename": "delete_noticetype", "name": "Can delete notice type", "content_type": 9}}, {"pk": 37, "model": "auth.permission", "fields": {"codename": "add_observeditem", "name": "Can add observed item", "content_type": 13}}, {"pk": 38, "model": "auth.permission", "fields": {"codename": "change_observeditem", "name": "Can change observed item", "content_type": 13}}, {"pk": 39, "model": "auth.permission", "fields": {"codename": "delete_observeditem", "name": "Can delete observed item", "content_type": 13}}, {"pk": 70, "model": "auth.permission", "fields": {"codename": "add_profile", "name": "Can add profile", "content_type": 24}}, {"pk": 71, "model": "auth.permission", "fields": {"codename": "change_profile", "name": "Can change profile", "content_type": 24}}, {"pk": 72, "model": "auth.permission", "fields": {"codename": "delete_profile", "name": "Can delete profile", "content_type": 24}}, {"pk": 19, "model": "auth.permission", "fields": {"codename": "add_session", "name": "Can add session", "content_type": 7}}, {"pk": 20, "model": "auth.permission", "fields": {"codename": "change_session", "name": "Can change session", "content_type": 7}}, {"pk": 21, "model": "auth.permission", "fields": {"codename": "delete_session", "name": "Can delete session", "content_type": 7}}, {"pk": 64, "model": "auth.permission", "fields": {"codename": "add_signupcode", "name": "Can add signup code", "content_type": 22}}, {"pk": 65, "model": "auth.permission", "fields": {"codename": "change_signupcode", "name": "Can change signup code", "content_type": 22}}, {"pk": 66, "model": "auth.permission", "fields": {"codename": "delete_signupcode", "name": "Can delete signup code", "content_type": 22}}, {"pk": 67, "model": "auth.permission", "fields": {"codename": "add_signupcoderesult", "name": "Can add signup code result", "content_type": 23}}, {"pk": 68, "model": "auth.permission", "fields": {"codename": "change_signupcoderesult", "name": "Can change signup code result", "content_type": 23}}, {"pk": 69, "model": "auth.permission", "fields": {"codename": "delete_signupcoderesult", "name": "Can delete signup code result", "content_type": 23}}, {"pk": 22, "model": "auth.permission", "fields": {"codename": "add_site", "name": "Can add site", "content_type": 8}}, {"pk": 23, "model": "auth.permission", "fields": {"codename": "change_site", "name": "Can change site", "content_type": 8}}, {"pk": 24, "model": "auth.permission", "fields": {"codename": "delete_site", "name": "Can delete site", "content_type": 8}}, {"pk": 3, "model": "admin.logentry", "fields": {"action_flag": 2, "action_time": "2012-08-05 12:32:40", "object_repr": "127.0.0.1:8000", "object_id": "1", "change_message": "Changed domain and name.", "user": 1, "content_type": 8}}, {"pk": 2, "model": "admin.logentry", "fields": {"action_flag": 2, "action_time": "2012-08-05 12:21:45", "object_repr": "dayz.be", "object_id": "1", "change_message": "Changed domain and name.", "user": 1, "content_type": 8}}, {"pk": 1, "model": "admin.logentry", "fields": {"action_flag": 2, "action_time": "2012-08-04 08:52:17", "object_repr": "127.0.0.1:8000", "object_id": "1", "change_message": "Changed domain and name.", "user": 1, "content_type": 8}}, {"pk": 1, "model": "auth.user", "fields": {"username": "simon", "first_name": "", "last_name": "", "is_active": true, "is_superuser": true, "is_staff": true, "last_login": "2012-08-05 12:26:30", "groups": [], "user_permissions": [], "password": "sha1$e8550$b637a4ef765b3b05fb4a0385b7f3528d343bff79", "email": "s@s.com", "date_joined": "2012-08-04 08:01:25"}}, {"pk": 2, "model": "auth.user", "fields": {"username": "opa", "first_name": "", "last_name": "", "is_active": false, "is_superuser": false, "is_staff": false, "last_login": "2012-08-04 08:51:49", "groups": [], "user_permissions": [], "password": "sha1$8d494$00cc982af13b6fbad442735e78a461c81a1dcb3f", "email": "o@o.com", "date_joined": "2012-08-04 08:51:49"}}, {"pk": 3, "model": "auth.user", "fields": {"username": "u", "first_name": "", "last_name": "", "is_active": true, "is_superuser": false, "is_staff": false, "last_login": "2012-08-04 09:15:44", "groups": [], "user_permissions": [], "password": "sha1$65872$126309c48a14eea7f92131d6264e8b029b8caf56", "email": "u@u.com", "date_joined": "2012-08-04 08:53:14"}}]